{"cameraMode":{"drawMode":0,"name":"Shaded","section":"Shading Mode"},"sceneLighting":true,"audioPlay":false,"sceneViewState":{"m_AlwaysRefresh":false,"showFog":true,"showSkybox":true,"showFlares":true,"showImageEffects":true,"showParticleSystems":true,"showVisualEffectGraphs":true,"m_FxEnabled":true},"in2DMode":false,"pivot":{"x":1.4516067504882813,"y":0.6000000238418579,"z":-8.027737617492676},"rotation":{"x":-0.004699855577200651,"y":0.8631749749183655,"z":-0.008035951294004918,"w":-0.5048205256462097},"size":0.9949874877929688,"orthographic":false}